index,value
0.000000000000000000e+00,9.064703315358248403e+01
1.000000000000000000e+00,1.072359068463638323e+02
2.000000000000000000e+00,1.243360200205204364e+02
3.000000000000000000e+00,1.391785803044962506e+02
4.000000000000000000e+00,1.393110722459595365e+02
5.000000000000000000e+00,1.471488631109100709e+02
6.000000000000000000e+00,1.631833459472845504e+02
7.000000000000000000e+00,1.653186084176554118e+02
8.000000000000000000e+00,1.645952406126785377e+02
9.000000000000000000e+00,1.743967708685504761e+02
1.000000000000000000e+01,1.733895176723879104e+02
1.100000000000000000e+01,1.766800058563200366e+02
1.200000000000000000e+01,1.828007911874870217e+02
1.300000000000000000e+01,1.738944272060560365e+02
1.400000000000000000e+01,1.760095636511957196e+02
1.500000000000000000e+01,1.823255479220157156e+02
1.600000000000000000e+01,1.799419342810555520e+02
1.700000000000000000e+01,1.858602639806300090e+02
1.800000000000000000e+01,1.785036203774280352e+02
1.900000000000000000e+01,1.742762090522292908e+02
2.000000000000000000e+01,1.865751103223304028e+02
2.100000000000000000e+01,1.757250750185390586e+02
2.200000000000000000e+01,1.745846650538853453e+02
2.300000000000000000e+01,1.643937128057350208e+02
2.400000000000000000e+01,1.660360860820383095e+02
2.500000000000000000e+01,1.666153450254266204e+02
2.600000000000000000e+01,1.577600071371263368e+02
2.700000000000000000e+01,1.630837801331645096e+02
2.800000000000000000e+01,1.562063631118511466e+02
2.900000000000000000e+01,1.561387299768563821e+02
3.000000000000000000e+01,1.534190699827859987e+02
3.100000000000000000e+01,1.650101575663721576e+02
3.200000000000000000e+01,1.555287238199938429e+02
3.300000000000000000e+01,1.507036263238727258e+02
3.400000000000000000e+01,1.610578959026867096e+02
3.500000000000000000e+01,1.523455381012606722e+02
3.600000000000000000e+01,1.615310815676644154e+02
3.700000000000000000e+01,1.532254161187060504e+02
3.800000000000000000e+01,1.593749628365168007e+02
3.900000000000000000e+01,1.703912321344107568e+02
4.000000000000000000e+01,1.768230088933804325e+02
4.100000000000000000e+01,1.779694301239563288e+02
4.200000000000000000e+01,1.806933088408731862e+02
4.300000000000000000e+01,1.840163297012362023e+02
4.400000000000000000e+01,1.823826308596498791e+02
4.500000000000000000e+01,1.903438645101509508e+02
4.600000000000000000e+01,1.956352816960142320e+02
4.700000000000000000e+01,2.069639448076980841e+02
4.800000000000000000e+01,2.068035052648836256e+02
4.900000000000000000e+01,1.992749609461603484e+02
5.000000000000000000e+01,2.122528108134604850e+02
5.100000000000000000e+01,2.107373225909067855e+02
5.200000000000000000e+01,2.107592236191921415e+02
5.300000000000000000e+01,2.181096279874030301e+02
5.400000000000000000e+01,2.205290348862392591e+02
5.500000000000000000e+01,2.197714489673415130e+02
5.600000000000000000e+01,2.100947529135502805e+02
5.700000000000000000e+01,2.113852421150241412e+02
5.800000000000000000e+01,2.127352678116767493e+02
5.900000000000000000e+01,2.136656294011158366e+02
6.000000000000000000e+01,2.037267383166130799e+02
6.100000000000000000e+01,2.022280063414990536e+02
6.200000000000000000e+01,1.944375782709234102e+02
6.300000000000000000e+01,1.906658321756699763e+02
6.400000000000000000e+01,1.973402547124468924e+02
6.500000000000000000e+01,1.967321978873980015e+02
6.600000000000000000e+01,1.863952349162038900e+02
6.700000000000000000e+01,1.887931891791765793e+02
6.800000000000000000e+01,1.828996328955149693e+02
6.900000000000000000e+01,1.755500066817531888e+02
7.000000000000000000e+01,1.786985631146694971e+02
7.100000000000000000e+01,1.831827255426866827e+02
7.200000000000000000e+01,1.744407797911464684e+02
7.300000000000000000e+01,1.821256296201303826e+02
7.400000000000000000e+01,1.614566544502400802e+02
7.500000000000000000e+01,1.794899066151087652e+02
7.600000000000000000e+01,1.772004774847119393e+02
7.700000000000000000e+01,1.771891810065119444e+02
7.800000000000000000e+01,1.815575413847914206e+02
7.900000000000000000e+01,1.740204219776184686e+02
8.000000000000000000e+01,1.861031707704966323e+02
8.100000000000000000e+01,1.925435451296561951e+02
8.200000000000000000e+01,2.019389653227299277e+02
8.300000000000000000e+01,1.959008799016988291e+02
8.400000000000000000e+01,1.984561820823232949e+02
8.500000000000000000e+01,2.039708215653368484e+02
8.600000000000000000e+01,2.149234949764813507e+02
8.700000000000000000e+01,2.156570727621462424e+02
8.800000000000000000e+01,2.147500480265332214e+02
8.900000000000000000e+01,2.229948160921514102e+02
9.000000000000000000e+01,2.235214354014973708e+02
9.100000000000000000e+01,2.300086472045799155e+02
9.200000000000000000e+01,2.232615750403257096e+02
9.300000000000000000e+01,2.261846727098794076e+02
9.400000000000000000e+01,2.263392092302792094e+02
9.500000000000000000e+01,2.208791407307365660e+02
9.600000000000000000e+01,2.290028640989164046e+02
9.700000000000000000e+01,2.276036592730899883e+02
9.800000000000000000e+01,2.245857180758039817e+02
9.900000000000000000e+01,2.211819510840261387e+02
1.000000000000000000e+02,2.126641722702018171e+02
1.010000000000000000e+02,2.146834950330443235e+02
1.020000000000000000e+02,2.118546429486127920e+02
1.030000000000000000e+02,2.061566287779886011e+02
1.040000000000000000e+02,2.058664922248689493e+02
1.050000000000000000e+02,2.051922044395403475e+02
1.060000000000000000e+02,2.091851390268889190e+02
1.070000000000000000e+02,1.973796520500687564e+02
1.080000000000000000e+02,1.948003024601448772e+02
1.090000000000000000e+02,1.904761749713295558e+02
1.100000000000000000e+02,1.789893567725221999e+02
1.110000000000000000e+02,1.866437018225397537e+02
1.120000000000000000e+02,1.857770167685995943e+02
1.130000000000000000e+02,1.970343290352217593e+02
1.140000000000000000e+02,1.835643192776518049e+02
1.150000000000000000e+02,1.864171348039203053e+02
1.160000000000000000e+02,1.856900910540497307e+02
1.170000000000000000e+02,1.815274961752114109e+02
1.180000000000000000e+02,1.951139569590758356e+02
1.190000000000000000e+02,1.956663973271525094e+02
1.200000000000000000e+02,1.987914521781691235e+02
1.210000000000000000e+02,1.935761730315687714e+02
1.220000000000000000e+02,2.087071578519010870e+02
1.230000000000000000e+02,1.984564506433384281e+02
1.240000000000000000e+02,2.122892593449202252e+02
1.250000000000000000e+02,2.242247426380299089e+02
1.260000000000000000e+02,2.121762590613589055e+02
1.270000000000000000e+02,2.180051004866403446e+02
1.280000000000000000e+02,2.248093787359016460e+02
1.290000000000000000e+02,2.249564152214918238e+02
1.300000000000000000e+02,2.224999680944882527e+02
1.310000000000000000e+02,2.329302270986174506e+02
1.320000000000000000e+02,2.291130928082147875e+02
1.330000000000000000e+02,2.380931378551377406e+02
1.340000000000000000e+02,2.318650835156954884e+02
1.350000000000000000e+02,2.443719203944863807e+02
1.360000000000000000e+02,2.322893631303916209e+02
1.370000000000000000e+02,2.336161291598011189e+02
1.380000000000000000e+02,2.377797732297245545e+02
1.390000000000000000e+02,2.255488475946720257e+02
1.400000000000000000e+02,2.303887785081101072e+02
1.410000000000000000e+02,2.329554875594294288e+02
1.420000000000000000e+02,2.152423585859213802e+02
1.430000000000000000e+02,2.208337193545155515e+02
1.440000000000000000e+02,2.176960383192084407e+02
1.450000000000000000e+02,2.167350711596039901e+02
1.460000000000000000e+02,2.031030836027495354e+02
1.470000000000000000e+02,1.992684668220883282e+02
1.480000000000000000e+02,2.052699654610334790e+02
1.490000000000000000e+02,2.012218779043684833e+02
1.500000000000000000e+02,1.984270026965554905e+02
1.510000000000000000e+02,1.967702891138511063e+02
1.520000000000000000e+02,1.899821837121390615e+02
1.530000000000000000e+02,1.934118825190837470e+02
1.540000000000000000e+02,1.931390667637311935e+02
1.550000000000000000e+02,1.880972608517192270e+02
1.560000000000000000e+02,2.015691531735543549e+02
1.570000000000000000e+02,1.957465805646165506e+02
1.580000000000000000e+02,1.891002689719174157e+02
1.590000000000000000e+02,2.005245274013706762e+02
1.600000000000000000e+02,1.950101750128858384e+02
1.610000000000000000e+02,2.068579782746650721e+02
1.620000000000000000e+02,2.120824264195373416e+02
1.630000000000000000e+02,2.058037582435675859e+02
1.640000000000000000e+02,2.185094843437338739e+02
1.650000000000000000e+02,2.196225058373424019e+02
1.660000000000000000e+02,2.255263660557660899e+02
1.670000000000000000e+02,2.346600473238185316e+02
1.680000000000000000e+02,2.275251097261236737e+02
1.690000000000000000e+02,2.282930689870294430e+02
1.700000000000000000e+02,2.305817401353404534e+02
1.710000000000000000e+02,2.335079835050310919e+02
1.720000000000000000e+02,2.392914922059903517e+02
1.730000000000000000e+02,2.429582242856019150e+02
1.740000000000000000e+02,2.436624247840825035e+02
1.750000000000000000e+02,2.468710957637543686e+02
1.760000000000000000e+02,2.426783852246820459e+02
1.770000000000000000e+02,2.491873253788460261e+02
1.780000000000000000e+02,2.393504931836693004e+02
1.790000000000000000e+02,2.525095409553599950e+02
1.800000000000000000e+02,2.397981013154087577e+02
1.810000000000000000e+02,2.297278732561235870e+02
1.820000000000000000e+02,2.256525606799747550e+02
1.830000000000000000e+02,2.301372209575675640e+02
1.840000000000000000e+02,2.231314370759427561e+02
1.850000000000000000e+02,2.242349081319014488e+02
1.860000000000000000e+02,2.194282781663796129e+02
1.870000000000000000e+02,2.131653643164161736e+02
1.880000000000000000e+02,2.059207018724181353e+02
1.890000000000000000e+02,1.994470571235706586e+02
1.900000000000000000e+02,2.019747283540582998e+02
1.910000000000000000e+02,2.060649631927144299e+02
1.920000000000000000e+02,2.008796917436090723e+02
1.930000000000000000e+02,1.921075068026080999e+02
1.940000000000000000e+02,1.982679484539019370e+02
1.950000000000000000e+02,1.989585739455376086e+02
1.960000000000000000e+02,1.928184673087528722e+02
1.970000000000000000e+02,1.987859049587757454e+02
1.980000000000000000e+02,1.996457974761813716e+02
1.990000000000000000e+02,1.955061554696589496e+02
2.000000000000000000e+02,2.053631396824851834e+02
2.010000000000000000e+02,2.091647646649257695e+02
2.020000000000000000e+02,2.149322972516148695e+02
2.030000000000000000e+02,2.182390715076183483e+02
2.040000000000000000e+02,2.097517022819197621e+02
2.050000000000000000e+02,2.157528215800908242e+02
2.060000000000000000e+02,2.268627034269385376e+02
2.070000000000000000e+02,2.306564343288382588e+02
2.080000000000000000e+02,2.343289100488142935e+02
2.090000000000000000e+02,2.544646663594209883e+02
2.100000000000000000e+02,2.412041721299274286e+02
2.110000000000000000e+02,2.468049666195694840e+02
2.120000000000000000e+02,2.482394792795512330e+02
2.130000000000000000e+02,2.485802735997112052e+02
2.140000000000000000e+02,2.450706087176188248e+02
2.150000000000000000e+02,2.512061778145142057e+02
2.160000000000000000e+02,2.437366377712939425e+02
2.170000000000000000e+02,2.460292175571193241e+02
2.180000000000000000e+02,2.438340030771863383e+02
2.190000000000000000e+02,2.451780203253125023e+02
2.200000000000000000e+02,2.543483447181638724e+02
2.210000000000000000e+02,2.309939411176198405e+02
2.220000000000000000e+02,2.409266184617349609e+02
2.230000000000000000e+02,2.262769690998296426e+02
2.240000000000000000e+02,2.285842860041849178e+02
2.250000000000000000e+02,2.328340210299222406e+02
2.260000000000000000e+02,2.240854472834879232e+02
2.270000000000000000e+02,2.147687661542667286e+02
2.280000000000000000e+02,2.130818279117488032e+02
2.290000000000000000e+02,2.167507744037723398e+02
2.300000000000000000e+02,2.066705016588844046e+02
2.310000000000000000e+02,2.087242216081465926e+02
2.320000000000000000e+02,2.056059760038237130e+02
2.330000000000000000e+02,2.003294699580457632e+02
2.340000000000000000e+02,2.130349556931433028e+02
2.350000000000000000e+02,2.047638316515422900e+02
2.360000000000000000e+02,1.913183935763151737e+02
2.370000000000000000e+02,2.028030799420887149e+02
2.380000000000000000e+02,1.995575627042261146e+02
2.390000000000000000e+02,2.086718635949466432e+02
2.400000000000000000e+02,2.025032320335166105e+02
2.410000000000000000e+02,2.084143695040621367e+02
2.420000000000000000e+02,2.144432612990326277e+02
2.430000000000000000e+02,2.195176392237055438e+02
2.440000000000000000e+02,2.127222425492361424e+02
2.450000000000000000e+02,2.207681273646303737e+02
2.460000000000000000e+02,2.238782234931705943e+02
2.470000000000000000e+02,2.268050960062965942e+02
2.480000000000000000e+02,2.426351850336433245e+02
2.490000000000000000e+02,2.393992450130170369e+02
2.500000000000000000e+02,2.343835137494727974e+02
2.510000000000000000e+02,2.482609779029237416e+02
2.520000000000000000e+02,2.568671673247673652e+02
2.530000000000000000e+02,2.535447976092324325e+02
2.540000000000000000e+02,2.424044201918411829e+02
2.550000000000000000e+02,2.486550868171413811e+02
2.560000000000000000e+02,2.579184648810323779e+02
2.570000000000000000e+02,2.479759194101159210e+02
2.580000000000000000e+02,2.530902708261372140e+02
2.590000000000000000e+02,2.535453548858018848e+02
2.600000000000000000e+02,2.433134928526130238e+02
2.610000000000000000e+02,2.454448274879288476e+02
2.620000000000000000e+02,2.269036888122875553e+02
2.630000000000000000e+02,2.349940356633133263e+02
2.640000000000000000e+02,2.355712169499924187e+02
2.650000000000000000e+02,2.271059983668394295e+02
2.660000000000000000e+02,2.378961871113057214e+02
2.670000000000000000e+02,2.189394889869773806e+02
2.680000000000000000e+02,2.203021621546490110e+02
2.690000000000000000e+02,2.197123235315285399e+02
2.700000000000000000e+02,2.230497404177879446e+02
2.710000000000000000e+02,2.057563289202394685e+02
2.720000000000000000e+02,2.162228669601678916e+02
2.730000000000000000e+02,2.083713169777026053e+02
2.740000000000000000e+02,2.018193841992699333e+02
2.750000000000000000e+02,2.079780520379158872e+02
2.760000000000000000e+02,2.061646519475556829e+02
2.770000000000000000e+02,2.022452456814881998e+02
2.780000000000000000e+02,2.062476535310275949e+02
2.790000000000000000e+02,2.051861314704145229e+02
2.800000000000000000e+02,2.094290461881025180e+02
2.810000000000000000e+02,2.144157372843883707e+02
2.820000000000000000e+02,2.217219712808075371e+02
2.830000000000000000e+02,2.106704964306034924e+02
2.840000000000000000e+02,2.309018961819226661e+02
2.850000000000000000e+02,2.140840887983208631e+02
2.860000000000000000e+02,2.268396934701957548e+02
2.870000000000000000e+02,2.343527315345019986e+02
2.880000000000000000e+02,2.365978047054090041e+02
2.890000000000000000e+02,2.357416895750854451e+02
2.900000000000000000e+02,2.412718771374907192e+02
2.910000000000000000e+02,2.430189605726588411e+02
2.920000000000000000e+02,2.453488417017120753e+02
2.930000000000000000e+02,2.549302481460815670e+02
2.940000000000000000e+02,2.543735720889059735e+02
2.950000000000000000e+02,2.505061860894505230e+02
2.960000000000000000e+02,2.592957831314610644e+02
2.970000000000000000e+02,2.565882453049244987e+02
2.980000000000000000e+02,2.587927447697163643e+02
2.990000000000000000e+02,2.569856002819346372e+02
3.000000000000000000e+02,2.482570259122844334e+02
3.010000000000000000e+02,2.476573712130624187e+02
3.020000000000000000e+02,2.517911117749445395e+02
3.030000000000000000e+02,2.483023124473315875e+02
3.040000000000000000e+02,2.420101554559650481e+02
3.050000000000000000e+02,2.393107500564360066e+02
3.060000000000000000e+02,2.415500859503781044e+02
3.070000000000000000e+02,2.285568069122450936e+02
3.080000000000000000e+02,2.306073841645217044e+02
3.090000000000000000e+02,2.233114658444081613e+02
3.100000000000000000e+02,2.198645828339510899e+02
3.110000000000000000e+02,2.233398773192267299e+02
3.120000000000000000e+02,2.192046554501330604e+02
3.130000000000000000e+02,2.167833049746083987e+02
3.140000000000000000e+02,2.173462289697860683e+02
3.150000000000000000e+02,2.095389919658246924e+02
3.160000000000000000e+02,2.120058434404339778e+02
3.170000000000000000e+02,2.067756355120983756e+02
3.180000000000000000e+02,2.102556801816967322e+02
3.190000000000000000e+02,2.088633946307658107e+02
3.200000000000000000e+02,2.114304520895851454e+02
3.210000000000000000e+02,2.158722250554145887e+02
3.220000000000000000e+02,2.112309772709733693e+02
3.230000000000000000e+02,2.286280370886926505e+02
3.240000000000000000e+02,2.163321044569721892e+02
3.250000000000000000e+02,2.187646725699812009e+02
3.260000000000000000e+02,2.342955505495685031e+02
3.270000000000000000e+02,2.362425757480393145e+02
3.280000000000000000e+02,2.392053080951376955e+02
3.290000000000000000e+02,2.429588470619362397e+02
3.300000000000000000e+02,2.433326656015321419e+02
3.310000000000000000e+02,2.422449008674221034e+02
3.320000000000000000e+02,2.501298108496019950e+02
3.330000000000000000e+02,2.489963803192172804e+02
3.340000000000000000e+02,2.594396999459484050e+02
3.350000000000000000e+02,2.555107131109446641e+02
3.360000000000000000e+02,2.532618313292258279e+02
3.370000000000000000e+02,2.563614363725592966e+02
3.380000000000000000e+02,2.600356092970044983e+02
3.390000000000000000e+02,2.545800476074203971e+02
3.400000000000000000e+02,2.521557607841742481e+02
3.410000000000000000e+02,2.558226887974732335e+02
3.420000000000000000e+02,2.536770909411475259e+02
3.430000000000000000e+02,2.473292840773216312e+02
3.440000000000000000e+02,2.445478404910658696e+02
3.450000000000000000e+02,2.448020697108519528e+02
3.460000000000000000e+02,2.329195864120227952e+02
3.470000000000000000e+02,2.295051945898782435e+02
3.480000000000000000e+02,2.292852735519535656e+02
3.490000000000000000e+02,2.281870069047101310e+02
3.500000000000000000e+02,2.273155824113626693e+02
3.510000000000000000e+02,2.298598525829409027e+02
3.520000000000000000e+02,2.237886389462518935e+02
3.530000000000000000e+02,2.160861093619781457e+02
3.540000000000000000e+02,2.146085102086412348e+02
3.550000000000000000e+02,2.079948503075794406e+02
3.560000000000000000e+02,2.117471081293564055e+02
3.570000000000000000e+02,2.097863393145988482e+02
3.580000000000000000e+02,2.128071283233008160e+02
3.590000000000000000e+02,2.075976548392712289e+02
3.600000000000000000e+02,2.154358202835485940e+02
3.610000000000000000e+02,2.221481760049599075e+02
3.620000000000000000e+02,2.160883752700032403e+02
3.630000000000000000e+02,2.212408938461465198e+02
3.640000000000000000e+02,2.256750137272298389e+02
3.650000000000000000e+02,2.235319061607389983e+02
3.660000000000000000e+02,2.302161968116999446e+02
3.670000000000000000e+02,2.328768463542631935e+02
3.680000000000000000e+02,2.370934095949394305e+02
3.690000000000000000e+02,2.365149399869704041e+02
3.700000000000000000e+02,2.441725179745938306e+02
3.710000000000000000e+02,2.500186660012210496e+02
3.720000000000000000e+02,2.579901120603877871e+02
3.730000000000000000e+02,2.583882894385804434e+02
3.740000000000000000e+02,2.668003463473893930e+02
3.750000000000000000e+02,2.541682136983156681e+02
3.760000000000000000e+02,2.638194399086918338e+02
3.770000000000000000e+02,2.612765287925318489e+02
3.780000000000000000e+02,2.716398173750353067e+02
3.790000000000000000e+02,2.564028590038185484e+02
3.800000000000000000e+02,2.554292254266409259e+02
3.810000000000000000e+02,2.552652992837568888e+02
3.820000000000000000e+02,2.457622945217185020e+02
3.830000000000000000e+02,2.514040456967310888e+02
3.840000000000000000e+02,2.474774002731174960e+02
3.850000000000000000e+02,2.489219528927494878e+02
3.860000000000000000e+02,2.465080542678563233e+02
3.870000000000000000e+02,2.506238805962929916e+02
3.880000000000000000e+02,2.423398858455701372e+02
3.890000000000000000e+02,2.310378685930294580e+02
3.900000000000000000e+02,2.258439438202829308e+02
3.910000000000000000e+02,2.293754896087285999e+02
3.920000000000000000e+02,2.171441057474179388e+02
3.930000000000000000e+02,2.300587274966364646e+02
3.940000000000000000e+02,2.243510407065327286e+02
3.950000000000000000e+02,2.141165900482043298e+02
3.960000000000000000e+02,2.064107044878553552e+02
3.970000000000000000e+02,2.208018952457443902e+02
3.980000000000000000e+02,2.130822281693459388e+02
3.990000000000000000e+02,2.200430807469493573e+02
4.000000000000000000e+02,2.066542503252026393e+02
4.010000000000000000e+02,2.129581407314029207e+02
4.020000000000000000e+02,2.178357084458451993e+02
4.030000000000000000e+02,2.203817389934837649e+02
4.040000000000000000e+02,2.206621960068724206e+02
4.050000000000000000e+02,2.291560197223432738e+02
4.060000000000000000e+02,2.241229907471488900e+02
4.070000000000000000e+02,2.323781679555263509e+02
4.080000000000000000e+02,2.374447200926784092e+02
4.090000000000000000e+02,2.432043962768825622e+02
4.100000000000000000e+02,2.479257403905816659e+02
4.110000000000000000e+02,2.423384197810546823e+02
4.120000000000000000e+02,2.436589025554337411e+02
4.130000000000000000e+02,2.607803646775100788e+02
4.140000000000000000e+02,2.587388084933416508e+02
4.150000000000000000e+02,2.555799231834917578e+02
4.160000000000000000e+02,2.688307283902065024e+02
4.170000000000000000e+02,2.628728647701121304e+02
4.180000000000000000e+02,2.688495768280744187e+02
4.190000000000000000e+02,2.633739411163007844e+02
4.200000000000000000e+02,2.728473483319965567e+02
4.210000000000000000e+02,2.702646959711662475e+02
4.220000000000000000e+02,2.586512612369721182e+02
4.230000000000000000e+02,2.626651455087255727e+02
4.240000000000000000e+02,2.584997936108400722e+02
4.250000000000000000e+02,2.591980620695462676e+02
4.260000000000000000e+02,2.442997727135662274e+02
4.270000000000000000e+02,2.490902297307049196e+02
4.280000000000000000e+02,2.473379682150491590e+02
4.290000000000000000e+02,2.295760855106002225e+02
4.300000000000000000e+02,2.288047429606035621e+02
4.310000000000000000e+02,2.209920377086234282e+02
4.320000000000000000e+02,2.265100569704581801e+02
4.330000000000000000e+02,2.283964141816411768e+02
4.340000000000000000e+02,2.296290420371174150e+02
4.350000000000000000e+02,2.202189070068857575e+02
4.360000000000000000e+02,2.262008760550974955e+02
4.370000000000000000e+02,2.098889683197044747e+02
4.380000000000000000e+02,2.075581770506969121e+02
4.390000000000000000e+02,2.156552695852941781e+02
4.400000000000000000e+02,2.182882332972726260e+02
4.410000000000000000e+02,2.172071766651863527e+02
4.420000000000000000e+02,2.085813096813343464e+02
4.430000000000000000e+02,2.205301496234088177e+02
4.440000000000000000e+02,2.169720373385706296e+02
4.450000000000000000e+02,2.297637918687235299e+02
4.460000000000000000e+02,2.315032476023508252e+02
4.470000000000000000e+02,2.284828530168717009e+02
4.480000000000000000e+02,2.342993112607684338e+02
4.490000000000000000e+02,2.353464253047180534e+02
4.500000000000000000e+02,2.441013574726538309e+02
4.510000000000000000e+02,2.528721325943314753e+02
4.520000000000000000e+02,2.466720263824383892e+02
4.530000000000000000e+02,2.573650942026902158e+02
4.540000000000000000e+02,2.551013680441419922e+02
4.550000000000000000e+02,2.562913417543993546e+02
4.560000000000000000e+02,2.617602054500194413e+02
4.570000000000000000e+02,2.586478285879920804e+02
4.580000000000000000e+02,2.620381601661501918e+02
4.590000000000000000e+02,2.592307867447958643e+02
4.600000000000000000e+02,2.748802944990487731e+02
4.610000000000000000e+02,2.644973307051466804e+02
4.620000000000000000e+02,2.595333949737684520e+02
4.630000000000000000e+02,2.622916465690109931e+02
4.640000000000000000e+02,2.583730644300381982e+02
4.650000000000000000e+02,2.551219694315912818e+02
4.660000000000000000e+02,2.562349065111668551e+02
4.670000000000000000e+02,2.536084848364552045e+02
4.680000000000000000e+02,2.436261117528182183e+02
4.690000000000000000e+02,2.397439388631956945e+02
4.700000000000000000e+02,2.375675760505480696e+02
4.710000000000000000e+02,2.238176617934064438e+02
4.720000000000000000e+02,2.242880619942853571e+02
4.730000000000000000e+02,2.354714963534068204e+02
4.740000000000000000e+02,2.339498135319309142e+02
4.750000000000000000e+02,2.219532386910838113e+02
4.760000000000000000e+02,2.240018658017876305e+02
4.770000000000000000e+02,2.210941343812943956e+02
4.780000000000000000e+02,2.338882330327369630e+02
4.790000000000000000e+02,2.236109407189240130e+02
4.800000000000000000e+02,2.174686774024550289e+02
4.810000000000000000e+02,2.140006127109268732e+02
4.820000000000000000e+02,2.119761162495919962e+02
4.830000000000000000e+02,2.227874157663748349e+02
4.840000000000000000e+02,2.202408204692869731e+02
4.850000000000000000e+02,2.196017765234653325e+02
4.860000000000000000e+02,2.265454321082110596e+02
4.870000000000000000e+02,2.277384061387876102e+02
4.880000000000000000e+02,2.451728779102338933e+02
4.890000000000000000e+02,2.448748001998748975e+02
4.900000000000000000e+02,2.442064984845311812e+02
4.910000000000000000e+02,2.553868853406516450e+02
4.920000000000000000e+02,2.519874956023851382e+02
4.930000000000000000e+02,2.506950962904910796e+02
4.940000000000000000e+02,2.657251467049118787e+02
4.950000000000000000e+02,2.635460073483587848e+02
4.960000000000000000e+02,2.579766108296913671e+02
4.970000000000000000e+02,2.640378164435859389e+02
4.980000000000000000e+02,2.619107948783524762e+02
4.990000000000000000e+02,2.601170090151799172e+02
5.000000000000000000e+02,2.718301289472005919e+02
5.010000000000000000e+02,2.763377643803689807e+02
5.020000000000000000e+02,2.588233812562031062e+02
5.030000000000000000e+02,2.671151293568980805e+02
5.040000000000000000e+02,2.590270407547911304e+02
5.050000000000000000e+02,2.573699416338371861e+02
5.060000000000000000e+02,2.539745716609164106e+02
5.070000000000000000e+02,2.494229633553739518e+02
5.080000000000000000e+02,2.505448134355479226e+02
5.090000000000000000e+02,2.425430731798697650e+02
5.100000000000000000e+02,2.443693884484544299e+02
5.110000000000000000e+02,2.390980123130609627e+02
5.120000000000000000e+02,2.345882262337498219e+02
5.130000000000000000e+02,2.278669895150372895e+02
5.140000000000000000e+02,2.264127812071776873e+02
5.150000000000000000e+02,2.303108622241725811e+02
5.160000000000000000e+02,2.266883815184700666e+02
5.170000000000000000e+02,2.174158393716565740e+02
5.180000000000000000e+02,2.214360921025671587e+02
5.190000000000000000e+02,2.238818936755639015e+02
5.200000000000000000e+02,2.115337356238140956e+02
5.210000000000000000e+02,2.229305619078253358e+02
5.220000000000000000e+02,2.178039434351269676e+02
5.230000000000000000e+02,2.254231205169610064e+02
5.240000000000000000e+02,2.207229665411431370e+02
5.250000000000000000e+02,2.179540150737130944e+02
5.260000000000000000e+02,2.216926155255863762e+02
5.270000000000000000e+02,2.332682277472562760e+02
5.280000000000000000e+02,2.377940286524679721e+02
5.290000000000000000e+02,2.356296837863518761e+02
5.300000000000000000e+02,2.471019119666631241e+02
5.310000000000000000e+02,2.393720202177953809e+02
5.320000000000000000e+02,2.510437238716052377e+02
5.330000000000000000e+02,2.488500393612904986e+02
5.340000000000000000e+02,2.549300059182090195e+02
5.350000000000000000e+02,2.613857936445993460e+02
5.360000000000000000e+02,2.594121344854920608e+02
5.370000000000000000e+02,2.639022805725570606e+02
5.380000000000000000e+02,2.724633767381026246e+02
5.390000000000000000e+02,2.656129025787903402e+02
5.400000000000000000e+02,2.731754147744478018e+02
5.410000000000000000e+02,2.632712392953116023e+02
5.420000000000000000e+02,2.709177218531599465e+02
5.430000000000000000e+02,2.742681885182834662e+02
5.440000000000000000e+02,2.529664241286217248e+02
5.450000000000000000e+02,2.591196824471202831e+02
5.460000000000000000e+02,2.633383927967510658e+02
5.470000000000000000e+02,2.564204913068037968e+02
5.480000000000000000e+02,2.559811565130559927e+02
5.490000000000000000e+02,2.475824505485129237e+02
5.500000000000000000e+02,2.473848210351219450e+02
5.510000000000000000e+02,2.424838810545718673e+02
5.520000000000000000e+02,2.454617590347106102e+02
5.530000000000000000e+02,2.373938051300939662e+02
5.540000000000000000e+02,2.345316115755463500e+02
5.550000000000000000e+02,2.278085924022474273e+02
5.560000000000000000e+02,2.248290046744993447e+02
5.570000000000000000e+02,2.229412152389127471e+02
5.580000000000000000e+02,2.254039027908688126e+02
5.590000000000000000e+02,2.201860341725935371e+02
5.600000000000000000e+02,2.231591152150264179e+02
5.610000000000000000e+02,2.320813917320633664e+02
5.620000000000000000e+02,2.266301581676935655e+02
5.630000000000000000e+02,2.217779194933294775e+02
5.640000000000000000e+02,2.310848407057432041e+02
5.650000000000000000e+02,2.252073808173204554e+02
5.660000000000000000e+02,2.196734733604736221e+02
5.670000000000000000e+02,2.278257494048291392e+02
5.680000000000000000e+02,2.268292171981267131e+02
5.690000000000000000e+02,2.379791447461210794e+02
5.700000000000000000e+02,2.435348467750211512e+02
5.710000000000000000e+02,2.555958089802706468e+02
5.720000000000000000e+02,2.525947165259647988e+02
5.730000000000000000e+02,2.534979711070153030e+02
5.740000000000000000e+02,2.621748830108181778e+02
5.750000000000000000e+02,2.501263571127801129e+02
5.760000000000000000e+02,2.651595940938188392e+02
5.770000000000000000e+02,2.702146399384412234e+02
5.780000000000000000e+02,2.608695394936789853e+02
5.790000000000000000e+02,2.753622223396067739e+02
5.800000000000000000e+02,2.721636678407518275e+02
5.810000000000000000e+02,2.686503942091935642e+02
5.820000000000000000e+02,2.735691524739129932e+02
5.830000000000000000e+02,2.808685336417354961e+02
5.840000000000000000e+02,2.689879004293565004e+02
5.850000000000000000e+02,2.673721710473539588e+02
5.860000000000000000e+02,2.614233109967828455e+02
5.870000000000000000e+02,2.566551248110384904e+02
5.880000000000000000e+02,2.619037593673809852e+02
5.890000000000000000e+02,2.500592647603561431e+02
5.900000000000000000e+02,2.511075779839489428e+02
5.910000000000000000e+02,2.446808170213274138e+02
5.920000000000000000e+02,2.457816590950066313e+02
5.930000000000000000e+02,2.414600672761066278e+02
5.940000000000000000e+02,2.415587459794218148e+02
5.950000000000000000e+02,2.306573267344514306e+02
5.960000000000000000e+02,2.290280978543589754e+02
5.970000000000000000e+02,2.230560623141902283e+02
5.980000000000000000e+02,2.237621833688073139e+02
5.990000000000000000e+02,2.264132578965463551e+02
6.000000000000000000e+02,2.273999307540048278e+02
6.010000000000000000e+02,2.186602659444843084e+02
6.020000000000000000e+02,2.278522583993163551e+02
6.030000000000000000e+02,2.310879377448681851e+02
6.040000000000000000e+02,2.277364827168689487e+02
6.050000000000000000e+02,2.369352872456924786e+02
6.060000000000000000e+02,2.260427020003666598e+02
6.070000000000000000e+02,2.264715082611863011e+02
6.080000000000000000e+02,2.269414458610698944e+02
6.090000000000000000e+02,2.467384574840450284e+02
6.100000000000000000e+02,2.461551982187434362e+02
6.110000000000000000e+02,2.463467145797198725e+02
6.120000000000000000e+02,2.517932919249028032e+02
6.130000000000000000e+02,2.484731057131448324e+02
6.140000000000000000e+02,2.698869275817069138e+02
6.150000000000000000e+02,2.616282030296729317e+02
6.160000000000000000e+02,2.645407006737197548e+02
6.170000000000000000e+02,2.702507470597491306e+02
6.180000000000000000e+02,2.712097346198221430e+02
6.190000000000000000e+02,2.716101547173517474e+02
6.200000000000000000e+02,2.676882468050214356e+02
6.210000000000000000e+02,2.745850762651677428e+02
6.220000000000000000e+02,2.816490582199265305e+02
6.230000000000000000e+02,2.784019549179825503e+02
6.240000000000000000e+02,2.785158180618708457e+02
6.250000000000000000e+02,2.663357590976079905e+02
6.260000000000000000e+02,2.617932513207117040e+02
6.270000000000000000e+02,2.635216088623236601e+02
6.280000000000000000e+02,2.614611401922738310e+02
6.290000000000000000e+02,2.633800486570533508e+02
6.300000000000000000e+02,2.459471507341953327e+02
6.310000000000000000e+02,2.584160298835985259e+02
6.320000000000000000e+02,2.462834647374388339e+02
6.330000000000000000e+02,2.412800267431723285e+02
6.340000000000000000e+02,2.348189648346615286e+02
6.350000000000000000e+02,2.282798385251480227e+02
6.360000000000000000e+02,2.376346288803081563e+02
6.370000000000000000e+02,2.312135372441597383e+02
6.380000000000000000e+02,2.221536319268849411e+02
6.390000000000000000e+02,2.203674007854704371e+02
6.400000000000000000e+02,2.239290965366813566e+02
6.410000000000000000e+02,2.332746358186186626e+02
6.420000000000000000e+02,2.235264679437949553e+02
6.430000000000000000e+02,2.177803811093957052e+02
6.440000000000000000e+02,2.251054124392702533e+02
6.450000000000000000e+02,2.265509374288691333e+02
6.460000000000000000e+02,2.165160023666272480e+02
6.470000000000000000e+02,2.322712575557737296e+02
6.480000000000000000e+02,2.343268140036914531e+02
6.490000000000000000e+02,2.422282878441424145e+02
6.500000000000000000e+02,2.515075516805691507e+02
6.510000000000000000e+02,2.515776122668127073e+02
6.520000000000000000e+02,2.483616304823391090e+02
6.530000000000000000e+02,2.479248744684363430e+02
6.540000000000000000e+02,2.699769832258569409e+02
6.550000000000000000e+02,2.608736747663980395e+02
6.560000000000000000e+02,2.638472451279492930e+02
6.570000000000000000e+02,2.665139021127532146e+02
6.580000000000000000e+02,2.700712949772847082e+02
6.590000000000000000e+02,2.703371510826867734e+02
6.600000000000000000e+02,2.696539885502370453e+02
6.610000000000000000e+02,2.707024513368210137e+02
6.620000000000000000e+02,2.736174984138502282e+02
6.630000000000000000e+02,2.708313339964693114e+02
6.640000000000000000e+02,2.691805103166441882e+02
6.650000000000000000e+02,2.719223313413666574e+02
6.660000000000000000e+02,2.682431431792639387e+02
6.670000000000000000e+02,2.746938816078124432e+02
6.680000000000000000e+02,2.511599136830911903e+02
6.690000000000000000e+02,2.667649503411976184e+02
6.700000000000000000e+02,2.641574803384137340e+02
6.710000000000000000e+02,2.439884345271972848e+02
6.720000000000000000e+02,2.489652557689655339e+02
6.730000000000000000e+02,2.451285692790105770e+02
6.740000000000000000e+02,2.363282489175642240e+02
6.750000000000000000e+02,2.360171471379088075e+02
6.760000000000000000e+02,2.311377609955342223e+02
6.770000000000000000e+02,2.425581471831849569e+02
6.780000000000000000e+02,2.359731466638303914e+02
6.790000000000000000e+02,2.356029799165725365e+02
6.800000000000000000e+02,2.313063628278157182e+02
6.810000000000000000e+02,2.210457288188877101e+02
6.820000000000000000e+02,2.236264725972304461e+02
6.830000000000000000e+02,2.288305272200965703e+02
6.840000000000000000e+02,2.209816898231364064e+02
6.850000000000000000e+02,2.319239531963722243e+02
6.860000000000000000e+02,2.289524377836643225e+02
6.870000000000000000e+02,2.305614053530812839e+02
6.880000000000000000e+02,2.387043275308218711e+02
6.890000000000000000e+02,2.404533188276995759e+02
6.900000000000000000e+02,2.398051686716285076e+02
6.910000000000000000e+02,2.510001634239129942e+02
6.920000000000000000e+02,2.435220680992810856e+02
6.930000000000000000e+02,2.557730064445917435e+02
6.940000000000000000e+02,2.593775618922924764e+02
6.950000000000000000e+02,2.584476727528444258e+02
6.960000000000000000e+02,2.649891178534398932e+02
6.970000000000000000e+02,2.601659767891592878e+02
6.980000000000000000e+02,2.737323365960122601e+02
6.990000000000000000e+02,2.704423424011040424e+02
7.000000000000000000e+02,2.705187441364011534e+02
7.010000000000000000e+02,2.796123272212610118e+02
7.020000000000000000e+02,2.715211540204716130e+02
7.030000000000000000e+02,2.681014611712537317e+02
7.040000000000000000e+02,2.668852030921816549e+02
7.050000000000000000e+02,2.766588352403375666e+02
7.060000000000000000e+02,2.656485951809414701e+02
7.070000000000000000e+02,2.787467355901322890e+02
7.080000000000000000e+02,2.570357124274093508e+02
7.090000000000000000e+02,2.730120650385414365e+02
7.100000000000000000e+02,2.623516656980510220e+02
7.110000000000000000e+02,2.573403198156280496e+02
7.120000000000000000e+02,2.514709776876996727e+02
7.130000000000000000e+02,2.524949130331030460e+02
7.140000000000000000e+02,2.466359071689768427e+02
7.150000000000000000e+02,2.487753364507491085e+02
7.160000000000000000e+02,2.404606887135004740e+02
7.170000000000000000e+02,2.375491490045365595e+02
7.180000000000000000e+02,2.322397875102996352e+02
7.190000000000000000e+02,2.314517745527653290e+02
7.200000000000000000e+02,2.314289263252373416e+02
7.210000000000000000e+02,2.200122066323872900e+02
7.220000000000000000e+02,2.210474895870137289e+02
7.230000000000000000e+02,2.313016499926022220e+02
7.240000000000000000e+02,2.288137471311987099e+02
7.250000000000000000e+02,2.279825945146095876e+02
7.260000000000000000e+02,2.304849822003560291e+02
7.270000000000000000e+02,2.341333490599013771e+02
7.280000000000000000e+02,2.321644552606569505e+02
7.290000000000000000e+02,2.338464564919501640e+02
7.300000000000000000e+02,2.419308382140763172e+02
7.310000000000000000e+02,2.395361681511154188e+02
7.320000000000000000e+02,2.501260990493578902e+02
7.330000000000000000e+02,2.433223818805949747e+02
7.340000000000000000e+02,2.607362405631932347e+02
7.350000000000000000e+02,2.616242331191159565e+02
7.360000000000000000e+02,2.640407392496350099e+02
7.370000000000000000e+02,2.709189931010420764e+02
7.380000000000000000e+02,2.772465871700003390e+02
7.390000000000000000e+02,2.765045220196997207e+02
7.400000000000000000e+02,2.642821620314969095e+02
7.410000000000000000e+02,2.686345338216839878e+02
7.420000000000000000e+02,2.729100063735185699e+02
7.430000000000000000e+02,2.765988201150201462e+02
7.440000000000000000e+02,2.789138743983155564e+02
7.450000000000000000e+02,2.719811918467497662e+02
7.460000000000000000e+02,2.752730666881578259e+02
7.470000000000000000e+02,2.687677808442559240e+02
7.480000000000000000e+02,2.672123921198044627e+02
7.490000000000000000e+02,2.605369534556736539e+02
7.500000000000000000e+02,2.598946988849999684e+02
7.510000000000000000e+02,2.544073167153124757e+02
7.520000000000000000e+02,2.527362915675510351e+02
7.530000000000000000e+02,2.592145058209844706e+02
7.540000000000000000e+02,2.454991924487384267e+02
7.550000000000000000e+02,2.597665031153931636e+02
7.560000000000000000e+02,2.455759678990771988e+02
7.570000000000000000e+02,2.407690851747122736e+02
7.580000000000000000e+02,2.325982219492540537e+02
7.590000000000000000e+02,2.378176787918371815e+02
7.600000000000000000e+02,2.293073867621867521e+02
7.610000000000000000e+02,2.311601078516825964e+02
7.620000000000000000e+02,2.422498648189201731e+02
7.630000000000000000e+02,2.284304924479636725e+02
7.640000000000000000e+02,2.346940952689839719e+02
7.650000000000000000e+02,2.260442190173860411e+02
7.660000000000000000e+02,2.305590481099302167e+02
7.670000000000000000e+02,2.412960463324253624e+02
7.680000000000000000e+02,2.315092894680877578e+02
7.690000000000000000e+02,2.463505237625404618e+02
7.700000000000000000e+02,2.438507398170867475e+02
7.710000000000000000e+02,2.408312754826900459e+02
7.720000000000000000e+02,2.503662264918843334e+02
7.730000000000000000e+02,2.557720284638911323e+02
7.740000000000000000e+02,2.577799474473027317e+02
7.750000000000000000e+02,2.505487170718008088e+02
7.760000000000000000e+02,2.583719094074652389e+02
7.770000000000000000e+02,2.641709766851301993e+02
7.780000000000000000e+02,2.681499517702420121e+02
7.790000000000000000e+02,2.743778329707167245e+02
7.800000000000000000e+02,2.744890060246220287e+02
7.810000000000000000e+02,2.687685517857921695e+02
7.820000000000000000e+02,2.786663612515466752e+02
7.830000000000000000e+02,2.805828583666028067e+02
7.840000000000000000e+02,2.805203221161872875e+02
7.850000000000000000e+02,2.827397302075930270e+02
7.860000000000000000e+02,2.805528474017032750e+02
7.870000000000000000e+02,2.771830025733254388e+02
7.880000000000000000e+02,2.725330998250418020e+02
7.890000000000000000e+02,2.621175453820724215e+02
7.900000000000000000e+02,2.697100591771757081e+02
7.910000000000000000e+02,2.654103620070315515e+02
7.920000000000000000e+02,2.622871378405710061e+02
7.930000000000000000e+02,2.509332558146498400e+02
7.940000000000000000e+02,2.482170321789226364e+02
7.950000000000000000e+02,2.552000540764477705e+02
7.960000000000000000e+02,2.461440851124837650e+02
7.970000000000000000e+02,2.463391810325537392e+02
7.980000000000000000e+02,2.399276201550106293e+02
7.990000000000000000e+02,2.371296525720833017e+02
8.000000000000000000e+02,2.392754392598500885e+02
8.010000000000000000e+02,2.300732923115331232e+02
8.020000000000000000e+02,2.317168476427035273e+02
8.030000000000000000e+02,2.280554323405723096e+02
8.040000000000000000e+02,2.278942275535575561e+02
8.050000000000000000e+02,2.287979587283290357e+02
8.060000000000000000e+02,2.323028752606514331e+02
8.070000000000000000e+02,2.301985241691699287e+02
8.080000000000000000e+02,2.407899807574751492e+02
8.090000000000000000e+02,2.324307521117106887e+02
8.100000000000000000e+02,2.387791254755554746e+02
8.110000000000000000e+02,2.406751011709770580e+02
8.120000000000000000e+02,2.535445792850592568e+02
8.130000000000000000e+02,2.509225448932462825e+02
8.140000000000000000e+02,2.588370640213564116e+02
8.150000000000000000e+02,2.500073559493454241e+02
8.160000000000000000e+02,2.624577675285554506e+02
8.170000000000000000e+02,2.691005390288696617e+02
8.180000000000000000e+02,2.683524198721398761e+02
8.190000000000000000e+02,2.762377692458537126e+02
8.200000000000000000e+02,2.709036886095421437e+02
8.210000000000000000e+02,2.826659912299759299e+02
8.220000000000000000e+02,2.887419715430330598e+02
8.230000000000000000e+02,2.765223455449224161e+02
8.240000000000000000e+02,2.766335389006819128e+02
8.250000000000000000e+02,2.860760734924395479e+02
8.260000000000000000e+02,2.860806180280376338e+02
8.270000000000000000e+02,2.743832336225121935e+02
8.280000000000000000e+02,2.731815788492104389e+02
8.290000000000000000e+02,2.716704784352097590e+02
8.300000000000000000e+02,2.637193298887166861e+02
8.310000000000000000e+02,2.628395783978523923e+02
8.320000000000000000e+02,2.591051203151686764e+02
8.330000000000000000e+02,2.567613433614155269e+02
8.340000000000000000e+02,2.567679516387132139e+02
8.350000000000000000e+02,2.544082414890881410e+02
8.360000000000000000e+02,2.573294997597379279e+02
8.370000000000000000e+02,2.410573307640550240e+02
8.380000000000000000e+02,2.476601619550386317e+02
8.390000000000000000e+02,2.386552705518388393e+02
8.400000000000000000e+02,2.368345358736865762e+02
8.410000000000000000e+02,2.382464732192749466e+02
8.420000000000000000e+02,2.275366944257795865e+02
8.430000000000000000e+02,2.338695535687613187e+02
8.440000000000000000e+02,2.321554385757851833e+02
8.450000000000000000e+02,2.337254179732000523e+02
8.460000000000000000e+02,2.332253986715832639e+02
8.470000000000000000e+02,2.451371669222938294e+02
8.480000000000000000e+02,2.312925901092801553e+02
8.490000000000000000e+02,2.339483299273990724e+02
8.500000000000000000e+02,2.360609290028983480e+02
8.510000000000000000e+02,2.393629490128710131e+02
8.520000000000000000e+02,2.422372412898268408e+02
8.530000000000000000e+02,2.548953346725811571e+02
8.540000000000000000e+02,2.597373785357721658e+02
8.550000000000000000e+02,2.535367652208096558e+02
8.560000000000000000e+02,2.559661960534236016e+02
8.570000000000000000e+02,2.661156042387246430e+02
8.580000000000000000e+02,2.644348338876770299e+02
8.590000000000000000e+02,2.735233155024496341e+02
8.600000000000000000e+02,2.741862496195169001e+02
8.610000000000000000e+02,2.679895152444067321e+02
8.620000000000000000e+02,2.852292994963743240e+02
8.630000000000000000e+02,2.878762660068168202e+02
8.640000000000000000e+02,2.766866373317699868e+02
8.650000000000000000e+02,2.780945987485224578e+02
8.660000000000000000e+02,2.811676697739715678e+02
8.670000000000000000e+02,2.805462719242066782e+02
8.680000000000000000e+02,2.807540880573546929e+02
8.690000000000000000e+02,2.855859424917909450e+02
8.700000000000000000e+02,2.722566441316378700e+02
8.710000000000000000e+02,2.663471689810325529e+02
8.720000000000000000e+02,2.602978442876730583e+02
8.730000000000000000e+02,2.601299507250589613e+02
8.740000000000000000e+02,2.600257209584962652e+02
8.750000000000000000e+02,2.654741006806647192e+02
8.760000000000000000e+02,2.502153324142167889e+02
8.770000000000000000e+02,2.503056373293148340e+02
8.780000000000000000e+02,2.456562878531207161e+02
8.790000000000000000e+02,2.484836050673437740e+02
8.800000000000000000e+02,2.523081858671710052e+02
8.810000000000000000e+02,2.345489672436150101e+02
8.820000000000000000e+02,2.327435370130529293e+02
8.830000000000000000e+02,2.389053815652935953e+02
8.840000000000000000e+02,2.361309650622440870e+02
8.850000000000000000e+02,2.415587361077014066e+02
8.860000000000000000e+02,2.354254075795534504e+02
8.870000000000000000e+02,2.314630605218895028e+02
8.880000000000000000e+02,2.375223346411164300e+02
8.890000000000000000e+02,2.419472036620976496e+02
8.900000000000000000e+02,2.428225452612490756e+02
8.910000000000000000e+02,2.439999860144327215e+02
8.920000000000000000e+02,2.499024961418804196e+02
8.930000000000000000e+02,2.538094633381366805e+02
8.940000000000000000e+02,2.584754300076938875e+02
8.950000000000000000e+02,2.585320803953494533e+02
8.960000000000000000e+02,2.582106166104871932e+02
8.970000000000000000e+02,2.634819566967266837e+02
8.980000000000000000e+02,2.723396715722437875e+02
8.990000000000000000e+02,2.655532271774439437e+02
9.000000000000000000e+02,2.745050273592756866e+02
9.010000000000000000e+02,2.733399793218558216e+02
9.020000000000000000e+02,2.776540086044981877e+02
9.030000000000000000e+02,2.856126542209187846e+02
9.040000000000000000e+02,2.813522067118548193e+02
9.050000000000000000e+02,2.812438933051912500e+02
9.060000000000000000e+02,2.742520168897685267e+02
9.070000000000000000e+02,2.842464110389249754e+02
9.080000000000000000e+02,2.826441125748423815e+02
9.090000000000000000e+02,2.885991127279509101e+02
9.100000000000000000e+02,2.741143989008390349e+02
9.110000000000000000e+02,2.741753592432801270e+02
9.120000000000000000e+02,2.713708980576133172e+02
9.130000000000000000e+02,2.747449976125681133e+02
9.140000000000000000e+02,2.628831404007984247e+02
9.150000000000000000e+02,2.611090500738961282e+02
9.160000000000000000e+02,2.590480188245256841e+02
9.170000000000000000e+02,2.532657054290851022e+02
9.180000000000000000e+02,2.465426980992020276e+02
9.190000000000000000e+02,2.463913327203774486e+02
9.200000000000000000e+02,2.477197190428446447e+02
9.210000000000000000e+02,2.345083620470187782e+02
9.220000000000000000e+02,2.380193233217675584e+02
9.230000000000000000e+02,2.320468745471461887e+02
9.240000000000000000e+02,2.402390202434246476e+02
9.250000000000000000e+02,2.259187830550947353e+02
9.260000000000000000e+02,2.305837084381568332e+02
9.270000000000000000e+02,2.356849930129342283e+02
9.280000000000000000e+02,2.426147265275240557e+02
9.290000000000000000e+02,2.359910464773791432e+02
9.300000000000000000e+02,2.355849442211225551e+02
9.310000000000000000e+02,2.502680929467422857e+02
9.320000000000000000e+02,2.365245834011471118e+02
9.330000000000000000e+02,2.360051120773013622e+02
9.340000000000000000e+02,2.526890638758219723e+02
9.350000000000000000e+02,2.516410382666090868e+02
9.360000000000000000e+02,2.527929114399844934e+02
9.370000000000000000e+02,2.651850077206685796e+02
9.380000000000000000e+02,2.665137841560789980e+02
9.390000000000000000e+02,2.659465836326438080e+02
9.400000000000000000e+02,2.655758184364297563e+02
9.410000000000000000e+02,2.792119480278883543e+02
9.420000000000000000e+02,2.805668222093422628e+02
9.430000000000000000e+02,2.788215191703183109e+02
9.440000000000000000e+02,2.900403000734609122e+02
9.450000000000000000e+02,2.763994948825933307e+02
9.460000000000000000e+02,2.744962199506151137e+02
9.470000000000000000e+02,2.784610018035490953e+02
9.480000000000000000e+02,2.809175326657893379e+02
9.490000000000000000e+02,2.810344385240057363e+02
9.500000000000000000e+02,2.767635520812510208e+02
9.510000000000000000e+02,2.774065145176710416e+02
9.520000000000000000e+02,2.666457361958807724e+02
9.530000000000000000e+02,2.770263503375369964e+02
9.540000000000000000e+02,2.660224183335912471e+02
9.550000000000000000e+02,2.684481689192018052e+02
9.560000000000000000e+02,2.608927319867989354e+02
9.570000000000000000e+02,2.577578755081399322e+02
9.580000000000000000e+02,2.546847629040535992e+02
9.590000000000000000e+02,2.505907245343379373e+02
9.600000000000000000e+02,2.483204186836321696e+02
9.610000000000000000e+02,2.488237849936269583e+02
9.620000000000000000e+02,2.406190914522589992e+02
9.630000000000000000e+02,2.410885997670013126e+02
9.640000000000000000e+02,2.355012825068896234e+02
9.650000000000000000e+02,2.420949185618693491e+02
9.660000000000000000e+02,2.310205692114097644e+02
9.670000000000000000e+02,2.434916033307789007e+02
9.680000000000000000e+02,2.349452144391314050e+02
9.690000000000000000e+02,2.292107740044474440e+02
9.700000000000000000e+02,2.387547816823710889e+02
9.710000000000000000e+02,2.369482951133319943e+02
9.720000000000000000e+02,2.472327516461148491e+02
9.730000000000000000e+02,2.428156362135636641e+02
9.740000000000000000e+02,2.471979277325492887e+02
9.750000000000000000e+02,2.435525228774692437e+02
9.760000000000000000e+02,2.544465008193805602e+02
9.770000000000000000e+02,2.483447328810191550e+02
9.780000000000000000e+02,2.562597147563923272e+02
9.790000000000000000e+02,2.715670950769385286e+02
9.800000000000000000e+02,2.750652933547861494e+02
9.810000000000000000e+02,2.763402449631004174e+02
9.820000000000000000e+02,2.720870985004895601e+02
9.830000000000000000e+02,2.789605606095071835e+02
9.840000000000000000e+02,2.809724495537885218e+02
9.850000000000000000e+02,2.764619025953222149e+02
9.860000000000000000e+02,2.904762459035770235e+02
9.870000000000000000e+02,2.874775472317654135e+02
9.880000000000000000e+02,2.815407708774805542e+02
9.890000000000000000e+02,2.817694678181201198e+02
9.900000000000000000e+02,2.811257332043272754e+02
9.910000000000000000e+02,2.678209362645540637e+02
9.920000000000000000e+02,2.742862363526287481e+02
9.930000000000000000e+02,2.692119900139932156e+02
9.940000000000000000e+02,2.643908237228356484e+02
9.950000000000000000e+02,2.645253301579583081e+02
9.960000000000000000e+02,2.712896016267851564e+02
9.970000000000000000e+02,2.618015492696501383e+02
9.980000000000000000e+02,2.520526075999326565e+02
9.990000000000000000e+02,2.541863992048481578e+02
